{
  "name": "chord_progression_5node",
  "laplacian_type": "unnormalized",
  "adjacency_matrix": [
    [
      0.0,
      0.5,
      0.3,
      0.0,
      0.8
    ],
    [
      0.5,
      0.0,
      0.6,
      0.0,
      0.0
    ],
    [
      0.3,
      0.6,
      0.0,
      0.7,
      0.0
    ],
    [
      0.0,
      0.0,
      0.7,
      0.0,
      0.4
    ],
    [
      0.8,
      0.0,
      0.0,
      0.4,
      0.0
    ]
  ],
  "laplacian": [
    [
      1.6,
      -0.5,
      -0.3,
      0.0,
      -0.8
    ],
    [
      -0.5,
      1.1,
      -0.6,
      0.0,
      0.0
    ],
    [
      -0.3,
      -0.6,
      1.5999999999999999,
      -0.7,
      0.0
    ],
    [
      0.0,
      0.0,
      -0.7,
      1.1,
      -0.4
    ],
    [
      -0.8,
      0.0,
      0.0,
      -0.4,
      1.2000000000000002
    ]
  ],
  "degrees": [
    1.6,
    1.1,
    1.5999999999999999,
    1.1,
    1.2000000000000002
  ],
  "eigenvalues": [
    -9.891311944856818e-17,
    0.9128340236591166,
    0.9625159636836641,
    2.222435417985725,
    2.5022145946714947
  ],
  "eigenvectors": [
    [
      -0.4472135954999576,
      -0.447213595499958,
      -0.44721359549995787,
      -0.4472135954999579,
      -0.44721359549995776
    ],
    [
      0.13619943778099813,
      -0.6543185484196057,
      -0.3176098147390069,
      0.19068662753840998,
      0.6450422978392049
    ],
    [
      -0.44881146584061643,
      -0.30508054341169355,
      0.3041033806841459,
      0.7307897376788194,
      -0.28100110911065534
    ],
    [
      0.47129418060613837,
      -0.5280057536815995,
      0.5950087808823411,
      -0.2784847731522246,
      -0.25981243465465476
    ],
    [
      0.5982472537378887,
      0.0017387653124550928,
      -0.5026029149446287,
      0.38991178554091427,
      -0.4872948896466296
    ]
  ],
  "conservation_ratios": [
    0.2343749999999999,
    1.2409459351784065,
    1.3992371575648601,
    3.7489881156321907,
    2.360828791624545
  ],
  "spectral_gap": 1.2599194543020609,
  "cheeger_constant": 0.4564170118295583,
  "fingerprint_hash": "6a93e00f9c0139c63a2d87eb35fcbb167ef683b379b892533bc8a7a10a29c3c7",
  "spectral_entropy": 1.2886162428906718,
  "effective_dimension": 3.6277631379262427,
  "gap_profile": [
    0.9128340236591167,
    0.04968194002454751,
    1.2599194543020609,
    0.27977917668576957
  ],
  "attributes": [
    1.0,
    2.0,
    3.0,
    1.5,
    2.5
  ],
  "n": 5
}